word	rel_freq
.	0.0512
,	0.02528
det	0.0384
är	0.02816
och	0.01472
jag	0.02432
på	0.016
inte	0.02176
en	0.01888
i	0.01152
att	0.02784
?	0.00704
som	0.01248
så	0.01632
""""	0.0
du	0.01088
med	0.0096
har	0.01696
för	0.01056
man	0.00704
)	0.00096
(	0.00096
men	0.00992
till	0.00864
:	0.00352
ett	0.00608
/	0.00128
!	0.00032
den	0.01184
kan	0.008
om	0.00992
av	0.00544
eller	0.00352
-	0.00128
ska	0.00384
bara	0.00192
ju	0.00192
när	0.00128
var	0.0032
de	0.0096
lite	0.00416
nu	0.00288
vad	0.00384
får	0.0032
mig	0.00256
från	0.00192
in	0.00096
hur	0.0032
då	0.00512
vill	0.00128
'	0.0
min	0.00288
ha	0.00224
;	0.0
skulle	0.0016
vara	0.00352
göra	0.00096
kommer	0.00544
alla	0.00352
vet	0.00384
bra	0.00576
få	0.00192
ut	0.00096
_	0.0
dom	0.0
någon	0.00224
gör	0.00032
detta	0.00032
också	0.00256
blir	0.0032
mycket	0.00416
...	0.0
han	0.00096
*	0.0
helt	0.0016
\	0.0
2	0.0
kanske	0.00096
efter	0.00096
än	0.00288
går	0.00192
väl	0.0016
..	0.0
något	0.0016
datorn	0.00128
även	0.00224
finns	0.00192
samma	0.0016
hade	0.00544
ni	0.0
dig	0.00192
måste	0.00032
här	0.00256
sig	0.0016
1	0.0
vi	0.00032
där	0.00512
nog	0.00064
=	0.0
din	0.00064
dock	0.00352
mer	0.00224
tror	0.00224
några	0.0016
dator	0.00096
sen	0.0016
[	0.0
utan	0.00256
]	0.0
allt	0.00032
köpa	0.0016
själv	0.0016
spelet	0.0
3	0.00096
tycker	0.0
spel	0.0
sedan	0.00064
ingen	0.0
dem	0.0032
bli	0.00128
funkar	0.00032
använda	0.00128
behöver	0.00096
mitt	0.00032
hela	0.00032
kör	0.00064
verkar	0.0
upp	0.00256
riktigt	0.00064
väldigt	0.00064
andra	0.0016
fick	0.00032
kunna	0.00064
köra	0.00064
använder	0.00032
aldrig	0.00096
bort	0.00064
fungerar	0.0
spela	0.0
mot	0.00032
ta	0.00128
olika	0.00064
ändå	0.00064
annan	0.00064
ny	0.00096
många	0.00032
två	0.00032
under	0.00096
gå	0.00032
istället	0.00096
>	0.0
över	0.00064
står	0.00064
problem	0.0032
vilket	0.00096
ja	0.00032
windows	0.0
just	0.00224
alltid	0.00032
osv	0.0
del	0.00064
%	0.0
borde	0.0
eftersom	0.0
varit	0.00224
igen	0.00032
denna	0.00064
4	0.00064
folk	0.00032
vid	0.00032
säger	0.00032
redan	0.00064
fått	0.00128
innan	0.00096
o	0.0
via	0.0016
ganska	0.00032
ner	0.00096
precis	0.00032
genom	0.00096
mina	0.00096
fortfarande	0.0
säga	0.00128
the	0.0
10	0.00064
första	0.00064
ladda	0.0
5	0.00032
sätt	0.0
spelar	0.00128
gjort	0.00064
bättre	0.0032
ligger	0.0
ditt	0.00032
ens	0.00064
0	0.0
år	0.00064
gärna	0.00064
helst	0.00064
varför	0.00096
heller	0.00064
verkligen	0.00032
deras	0.00032
sin	0.00032
hitta	0.00064
+	0.0
idag	0.00192
tag	0.0
saker	0.0
hej	0.0
skall	0.00064
fan	0.00064
faktiskt	0.00064
blev	0.00064
lika	0.00128
inget	0.00032
samt	0.0016
varje	0.00064
komma	0.0
annat	0.00032
tack	0.0
&	0.0
nej	0.0
hittar	0.00032
c	0.0
massa	0.0
sitter	0.00096
mellan	0.0
enda	0.0
problemet	0.00128
nån	0.0
åt	0.00032
lägga	0.0
alltså	0.00032
skriva	0.00032
menar	0.00064
hjälp	0.0
haft	0.00128
kolla	0.00064
dessa	0.00032
tråden	0.0
svar	0.0
känns	0.0
nytt	0.00032
tar	0.0
to	0.0
byta	0.00064
länge	0.00192
nya	0.0
håller	0.00096
flera	0.0
se	0.0
gjorde	0.00032
stor	0.00032
7	0.0
vilken	0.00096
mest	0.00032
alls	0.00032
fråga	0.00064
sak	0.00064
sina	0.0
100	0.0
enkelt	0.00096
{	0.0
kul	0.00032
typ	0.00032
program	0.0
tid	0.0
gånger	0.0
bör	0.0
välja	0.00032
heter	0.0
nästan	0.0
fram	0.0
skriver	0.0
annars	0.00096
direkt	0.0
gäller	0.0
senaste	0.00064
rätt	0.00064
of	0.0
egentligen	0.0
telefonen	0.0
ej	0.0
förstår	0.0
fungera	0.0
bästa	0.00064
tänkte	0.0
både	0.0
först	0.0
kunde	0.00032
apple	0.00032
större	0.00192
tidigare	0.00096
försöker	0.0
ca	0.00096
iphone	0.0
fel	0.00096
igång	0.00064
låter	0.00096
