word	rel_freq
.	0.0026334689968877186
,	0.0031122815417763947
det	0.00023940627244433804
är	0.0
och	0.0
jag	0.0
på	0.0
inte	0.0
en	0.00047881254488867607
i	0.0014364376346660283
att	0.00047881254488867607
?	0.0
som	0.00047881254488867607
så	0.0
""""	0.0
du	0.0
med	0.0
har	0.0
för	0.0
man	0.0014364376346660283
)	0.1479530763706009
(	0.14819248264304524
men	0.0009576250897773521
till	0.0
:	0.02441943978932248
ett	0.0
/	0.0
!	0.0019152501795547043
den	0.00047881254488867607
kan	0.0
om	0.0
av	0.00023940627244433804
eller	0.0
-	0.0
ska	0.00023940627244433804
bara	0.0
ju	0.0
när	0.0
var	0.00023940627244433804
de	0.0
lite	0.0
nu	0.00023940627244433804
vad	0.0
får	0.0
mig	0.0
från	0.0
in	0.0038305003591094086
hur	0.00023940627244433804
då	0.00023940627244433804
vill	0.0
'	0.00047881254488867607
min	0.0
ha	0.0
;	0.0
skulle	0.0
vara	0.0
göra	0.0
kommer	0.0
alla	0.0
vet	0.00023940627244433804
bra	0.0
få	0.0
ut	0.00023940627244433804
_	0.00023940627244433804
dom	0.0
någon	0.0
gör	0.0
detta	0.0
också	0.0
blir	0.0
mycket	0.0
...	0.0
han	0.0
*	0.0
helt	0.0
\	0.0
2	0.004309312903998085
kanske	0.0
efter	0.0
än	0.0
går	0.00023940627244433804
väl	0.0
..	0.0
något	0.0
datorn	0.0
även	0.0
finns	0.0
samma	0.0
hade	0.0
ni	0.0
dig	0.0
måste	0.0
här	0.0
sig	0.0
1	0.0
vi	0.0
där	0.0
nog	0.0
=	0.0
din	0.0
dock	0.00023940627244433804
mer	0.0
tror	0.0
några	0.0
dator	0.0
sen	0.0
[	0.00023940627244433804
utan	0.0
]	0.00023940627244433804
allt	0.0
köpa	0.0
själv	0.0
spelet	0.0
3	0.0011970313622216902
tycker	0.0
spel	0.0
sedan	0.0
ingen	0.0
dem	0.0
bli	0.0
funkar	0.0
använda	0.0
behöver	0.0
mitt	0.0
hela	0.0
kör	0.0
verkar	0.0
upp	0.0
riktigt	0.0
väldigt	0.0
andra	0.0
fick	0.00023940627244433804
kunna	0.0
köra	0.0
använder	0.0
aldrig	0.0
bort	0.0
fungerar	0.0
spela	0.0
mot	0.0
ta	0.0
olika	0.0
ändå	0.0
annan	0.0
ny	0.0
många	0.00023940627244433804
två	0.0
under	0.0009576250897773521
gå	0.0
istället	0.0
>	0.0
över	0.0
står	0.0
problem	0.0
vilket	0.0
ja	0.0
windows	0.0
just	0.0
alltid	0.0
osv	0.0
del	0.00023940627244433804
%	0.0
borde	0.0
eftersom	0.0
varit	0.0
igen	0.0
denna	0.0
4	0.0
folk	0.0
vid	0.0
säger	0.0
redan	0.0
fått	0.0
innan	0.0
o	0.0
via	0.0
ganska	0.0
ner	0.0
precis	0.0
genom	0.00023940627244433804
mina	0.0
fortfarande	0.0
säga	0.0
the	0.061766818290639215
10	0.00023940627244433804
första	0.0
ladda	0.0
5	0.0
sätt	0.0
spelar	0.0
gjort	0.0
bättre	0.0
ligger	0.0
ditt	0.0
ens	0.0
0	0.0
år	0.0
gärna	0.0
helst	0.0
varför	0.0
heller	0.0
verkligen	0.0
deras	0.0
sin	0.0
hitta	0.0
+	0.00023940627244433804
idag	0.0
tag	0.0
saker	0.0
hej	0.0
skall	0.0
fan	0.0
faktiskt	0.0
blev	0.0
lika	0.0
inget	0.0
samt	0.0
varje	0.0
komma	0.0
annat	0.0
tack	0.0
&	0.0031122815417763947
nej	0.0
hittar	0.0
c	0.0
massa	0.0
sitter	0.0
mellan	0.0
enda	0.0
problemet	0.0
nån	0.0
åt	0.0
lägga	0.0
alltså	0.0
skriva	0.0
menar	0.0
hjälp	0.0
haft	0.0
kolla	0.0
dessa	0.00023940627244433804
tråden	0.0
svar	0.0
känns	0.0
nytt	0.0
tar	0.0
to	0.004309312903998085
byta	0.0
länge	0.0
nya	0.0
håller	0.0
flera	0.0
se	0.00023940627244433804
gjorde	0.0
stor	0.0
7	0.00023940627244433804
vilken	0.0
mest	0.0
alls	0.0
fråga	0.0
sak	0.0
sina	0.0
100	0.0
enkelt	0.0
{	0.0
kul	0.0
typ	0.0
program	0.00023940627244433804
tid	0.0
gånger	0.0
bör	0.0
välja	0.0
heter	0.0
nästan	0.0
fram	0.0
skriver	0.0
annars	0.0
direkt	0.0
gäller	0.0
senaste	0.0
rätt	0.0
of	0.01843428297821403
egentligen	0.0
telefonen	0.0
ej	0.0
förstår	0.0
fungera	0.0
bästa	0.0
tänkte	0.0
både	0.0
först	0.0
kunde	0.0
apple	0.00047881254488867607
större	0.0
tidigare	0.0
försöker	0.0
ca	0.0
iphone	0.0
fel	0.0
igång	0.0
låter	0.0
