word	rel_freq
.	0.05728
,	0.02272
det	0.02144
är	0.01568
och	0.01504
jag	0.02112
på	0.016
inte	0.01184
en	0.01344
i	0.01376
att	0.01216
?	0.0112
som	0.01344
så	0.0096
""""	0.0
du	0.00896
med	0.0112
har	0.00768
för	0.00736
man	0.0048
)	0.0016
(	0.0016
men	0.0064
till	0.00352
:	0.01024
ett	0.0048
/	0.00256
!	0.01856
den	0.00832
kan	0.00576
om	0.0096
av	0.00288
eller	0.00192
-	0.0
ska	0.00288
bara	0.00352
ju	0.00672
när	0.00256
var	0.008
de	0.00736
lite	0.0032
nu	0.00544
vad	0.00352
får	0.00416
mig	0.0032
från	0.00128
in	0.00224
hur	0.00384
då	0.00256
vill	0.0016
'	0.00032
min	0.00192
ha	0.00128
;	0.0
skulle	0.0016
vara	0.00384
göra	0.0016
kommer	0.00352
alla	0.00224
vet	0.0032
bra	0.00384
få	0.0016
ut	0.00096
_	0.0
dom	0.00032
någon	0.00544
gör	0.00096
detta	0.00288
också	0.00224
blir	0.00352
mycket	0.00224
...	0.00032
han	0.0064
*	0.00064
helt	0.00224
\	0.0
2	0.00032
kanske	0.00064
efter	0.00224
än	0.00064
går	0.00096
väl	0.00128
..	0.00224
något	0.00256
datorn	0.0
även	0.00096
finns	0.00192
samma	0.00096
hade	0.00384
ni	0.00096
dig	0.0016
måste	0.0032
här	0.00416
sig	0.00192
1	0.00064
vi	0.00128
där	0.00384
nog	0.00192
=	0.0
din	0.00064
dock	0.00192
mer	0.0016
tror	0.00224
några	0.00096
dator	0.0
sen	0.00096
[	0.0
utan	0.00096
]	0.0
allt	0.00032
köpa	0.0
själv	0.00096
spelet	0.0
3	0.0
tycker	0.00064
spel	0.0
sedan	0.00032
ingen	0.00032
dem	0.00064
bli	0.00224
funkar	0.00032
använda	0.0
behöver	0.0
mitt	0.00096
hela	0.00128
kör	0.00064
verkar	0.00224
upp	0.00256
riktigt	0.00224
väldigt	0.00192
andra	0.00096
fick	0.0
kunna	0.00032
köra	0.00032
använder	0.0
aldrig	0.00032
bort	0.0
fungerar	0.00032
spela	0.0
mot	0.0
ta	0.00064
olika	0.00032
ändå	0.00288
annan	0.00128
ny	0.00064
många	0.00032
två	0.00064
under	0.00096
gå	0.00096
istället	0.0
>	0.0
över	0.0016
står	0.00032
problem	0.0
vilket	0.00064
ja	0.00224
windows	0.0
just	0.0
alltid	0.00032
osv	0.0
del	0.00064
%	0.0
borde	0.00096
eftersom	0.0
varit	0.00288
igen	0.00064
denna	0.00256
4	0.0
folk	0.00192
vid	0.00032
säger	0.00032
redan	0.0
fått	0.00064
innan	0.00096
o	0.00032
via	0.0
ganska	0.0
ner	0.00032
precis	0.00096
genom	0.0
mina	0.0
fortfarande	0.0
säga	0.0016
the	0.00032
10	0.00064
första	0.00224
ladda	0.0
5	0.00032
sätt	0.0
spelar	0.0
gjort	0.00064
bättre	0.00128
ligger	0.0
ditt	0.00032
ens	0.00064
0	0.0
år	0.00064
gärna	0.00192
helst	0.00032
varför	0.0
heller	0.0
verkligen	0.00256
deras	0.0
sin	0.00064
hitta	0.00032
+	0.0
idag	0.00032
tag	0.00032
saker	0.0
hej	0.0
skall	0.0
fan	0.00672
faktiskt	0.00128
blev	0.0
lika	0.00032
inget	0.00128
samt	0.00032
varje	0.00064
komma	0.00064
annat	0.00064
tack	0.00192
&	0.00064
nej	0.00032
hittar	0.00032
c	0.0
massa	0.0
sitter	0.00032
mellan	0.0
enda	0.00192
problemet	0.0
nån	0.0
åt	0.0
lägga	0.00032
alltså	0.00096
skriva	0.0
menar	0.00128
hjälp	0.0
haft	0.00064
kolla	0.00128
dessa	0.0
tråden	0.00064
svar	0.0
känns	0.00064
nytt	0.00032
tar	0.00064
to	0.0
byta	0.0
länge	0.00064
nya	0.00064
håller	0.00064
flera	0.0
se	0.00544
gjorde	0.00096
stor	0.00032
7	0.0
vilken	0.00096
mest	0.00064
alls	0.0
fråga	0.0
sak	0.0
sina	0.0
100	0.0
enkelt	0.0
{	0.0
kul	0.00128
typ	0.00064
program	0.00032
tid	0.00064
gånger	0.00064
bör	0.00032
välja	0.0
heter	0.00096
nästan	0.00032
fram	0.00064
skriver	0.0
annars	0.0
direkt	0.00128
gäller	0.0
senaste	0.0
rätt	0.00128
of	0.0
egentligen	0.00032
telefonen	0.0
ej	0.0
förstår	0.00064
fungera	0.0
bästa	0.00032
tänkte	0.0
både	0.00064
först	0.0
kunde	0.00096
apple	0.0
större	0.00032
tidigare	0.00224
försöker	0.0
ca	0.0
iphone	0.0
fel	0.00032
igång	0.00032
låter	0.0
